concept,relevance
model,10865.530563000018
pyx,7572.5
input,2814.65
kera,2364.9249999999993
output,2273.536125999999
network,2064.6499999999996
loss,1903.2493129999996
weight,1671.959063999999
layer,1662.9
encod,1643.025
arr,1597.475
batch,1575.3447509999996
featur,1521.73875
dataset,1506.7774999999992
norm,1448.9750000000004
conv,1437.9750000000001
neural,1420.7500000000002
transform,1369.8500000000001
predict,1344.078062999999
attent,1320.1250000000002
graph,1308.175
learn,1301.4561250000002
net,1293.0750000000005
tensorflow,1148.1000000000008
pydbm,1121.575
convolut,1114.65
sklearn,1101.075000000003
classifi,1091.5249999999996
path,1084.575
decod,1034.725