concept,relevance
model,1963.2249999999997
featur,1749.6499999999996
input,1425.36375
predict,1320.8999999999994
generat,1182.61625
train,1119.5447509999997
sampl,863.0249999999997
imag,837.6637499999999
output,797.5637499999996
token,748.2999999999998
norm,699.1249999999997
dataset,632.6999999999996
transform,614.8999999999999
store,535.1
graph,534.75
expect,502.625
encod,484.80000000000007
pyx,484.0
node,470.6500000000001
fit,459.30000000000007
shape,452.74999999999994
target,447.3000000000002
mask,415.3
comput,397.8249999999999
infer,391.59999999999997
loss,390.05826400000007
path,384.2000000000001
aiplatform,378.90000000000003
tester,376.84999999999997
evalu,355.86375000000004