concept,relevance
model,6710.924999999999
transform,1528.0000000000005
input,1409.8912499999997
sklearn,1358.3999999999996
featur,1354.8500000000004
generat,1252.8025
train,1142.2750000000003
encod,1083.4774999999997
bert,969.7250000000003
token,934.1
tester,866.1749999999998
classifi,861.3500000000003
dataset,833.5887500000002
decod,830.275
metric,806.3250000000011
lexer,806.075
imag,799.3912500000001
score,781.4750000000001
convert,755.8250000000002
batch,755.6
posit,728.5250000000001
predict,725.2249999999996
mask,665.15
pipelin,663.0000000000001
sequenc,642.175
processor,621.5750000000002
loss,617.7137500000001
pyx,609.4
vocab,607.3749999999999
word,603.95